{
  "Food": [
    {
      "id": 1,
      "name": "Paneer Tikka Masala",
      "img": "https://res.cloudinary.com/mealthy1/image/upload/ar_16:11,c_fill,f_auto,h_600,q_auto:best,w_800/v1549977974/cms_recipe_featured_image/m3czw2wmsijjbwsjpgor.jpg",
      "ingridiants":
        "¼ cup butter, 1 pound paneer, cut into 1/2-inch cubes, 2 onions, finely chopped, 1 green bell pepper, chopped, 2 jalapeno peppers, chopped, 1 tablespoon ground cashews, 1 teaspoon garlic paste, 1 teaspoon ginger paste, 1 teaspoon cayenne pepper, 1 teaspoon ground cumin, 1 teaspoon ground coriander, 1 teaspoon garam masala, 1 (16 ounce) can tomato sauce, 1 pint half-and-half, 1 teaspoon salt, or to taste",
        "procedure" : "Melt butter in a skillet over medium heat; cook and stir paneer until golden, about 5 minutes. Add onions, green bell pepper, jalapeno peppers, cashews, garlic paste, ginger paste, cayenne pepper, cumin, coriander, and garam masala to paneer; cook and stir until fragrant and evenly coated, about 1 minute.",
        "description":"Paneer tikka masala is a delicious, creamy & flavorful Indian dish made by grilling paneer & then simmering it in a masala gravy.",
        "Video": "https://youtu.be/Nru8aadeN0I",
        "type":"Sabji"
      },
      {
        "id": 2,
        "name": "veg pulao recipe",
        "img": "https://tinyurl.com/4dhbhnn5",
        "ingridiants":
          "2 tbsp ghee / clarified butter, 1 tsp cumin, 1 bay leaf, 1 inch cinnamon, 2 pod cardamom, 3 cloves, ½ tsp pepper, 5 cashew (halves), ½ onion (sliced), 1 tomato (finely chopped), 5 beans (chopped), ½ capsicum (cubed), 2 tbsp peas, ½ carrot (chopped), ½ potato (cubed), 1 tsp salt, 2 cup water, 1 cup basmati rice (soaked 20 minutes)",
          "procedure" : "firstly, in a small mixi take ½ cup coriander, ¼ cup mint, 1 inch ginger, 2 clove garlic, 2 chilli, 2 pod cardamom, 1 inch cinnamon, 5 cloves and 1 tsp fennel. add ¼ cup water and blend smooth paste. keep aside. ina large kadai, heat 2 tbsp ghee. add 1 tsp cumin, 1 bay leaf, 1 inch cinnamon, 2 pod cardamom, 3 cloves, ½ tsp pepper and 5 cashew. saute on low flame until the spices turn aromatic. now add ½ onion and saute until the colour changes slightly. further, add 1 tomato and saute until the tomatoes turn soft and mushy. additionally, add 5 beans, ½ capsicum, 2 tbsp peas, ½ carrot and ½ potato. saute for a minute until the vegetables turn aromatic. now add prepared coriander pudina masala paste and 1 tsp salt. mix well. further, add 2 cup water and stir well getting to a boil. once the water comes to a rolling boil, add 1 cup basmati rice. make sure to soak basmati rice for 20 minutes. mix well, cover and simmer for 20 minutes. after 20 minutes, veg pulao is ready to serve.",
          "description":"an easy and simple flavoured rice recipe made with long grain rice, choice of vegetables and fresh herbs. it is one of the popular rice variants or choice for many indians and is often served for lunch and dinner, if not for morning breakfast. the simple pulao recipes do not contain all the required flavour and spice in it and can be served as it is, but tastes great when served with simple yoghurt raita.",
          "Video": "https://youtu.be/Nru8aadeN0I",
          "type":"Rice"
        },
        {
          "id": 3,
          "name": "Chicken dum Biryani",
          "img": "https://tinyurl.com/4dhbhnn5",
          "ingridiants":
            "1 lb chicken (with bones is best. Include drumsticks, thighs), 3 onions (sliced thin), 4 tomatoes (chopped fine), 4 green chilies (slit) – adjust according to spice tolerance levels, 3 teaspoon ginger-garlic paste, 2 tablespoon red chili powder (adjust to spice tolerance levels), 2 tablespoon ground coriander, 1 tablespoon garam masala, ½ cup coriander leaves (finely chopped), ½ cup mint leaves (finely chopped), 3 tablespoon vegetable oil, 1 tablespoon ghee (clarified butter), Salt to taste, 1 to 2 drops orange food grade color (optional), 4 cups basmati rice (long grain rice), 4 liter water, 1 teaspoon vegetable oil, ½ teaspoon salt, 2 teaspoon yogurt, ½ cup fried onion (also called barista), 1 tablespoon red chili powder, 1 teaspoon turmeric powder, 1 teaspoon ginger garlic paste, 2 cinnamon sticks, 3 cloves, ½ teaspoon cardamom powder, 1 green chili slit, 1 tablespoon lemon juice (freshly squeezed), 1 teaspoon coriander leaves (chopped), 2 teaspoon mint leaves (chopped), 1 teaspoon salt, ½ teaspoon pepper",
            "procedure" : "firstly, in a small mixi take ½ cup coriander, ¼ cup mint, 1 inch ginger, 2 clove garlic, 2 chilli, 2 pod cardamom, 1 inch cinnamon, 5 cloves and 1 tsp fennel. add ¼ cup water and blend smooth paste. keep aside. ina large kadai, heat 2 tbsp ghee. add 1 tsp cumin, 1 bay leaf, 1 inch cinnamon, 2 pod cardamom, 3 cloves, ½ tsp pepper and 5 cashew. saute on low flame until the spices turn aromatic. now add ½ onion and saute until the colour changes slightly. further, add 1 tomato and saute until the tomatoes turn soft and mushy. additionally, add 5 beans, ½ capsicum, 2 tbsp peas, ½ carrot and ½ potato. saute for a minute until the vegetables turn aromatic. now add prepared coriander pudina masala paste and 1 tsp salt. mix well. further, add 2 cup water and stir well getting to a boil. once the water comes to a rolling boil, add 1 cup basmati rice. make sure to soak basmati rice for 20 minutes. mix well, cover and simmer for 20 minutes. after 20 minutes, veg pulao is ready to serve.",
            "description":"Cook basmati rice: Rinse rice gently ensuring to take out only starch and not break the grains 2 to 3 times. ",
            "Video": "https://youtu.be/Nru8aadeN0I",
            "type":"Rice"
        },
        {
          "id": 4,
          "name": "Dosa",
          "img": "https://tinyurl.com/4dhbhnn5",
          "ingridiants":
            "1 cup rava / semolina / suji (coarse), 2 tbsp wheat flour, ¾ tsp sugar, 1 tsp salt, 1 cup curd, water (for batter), 2 tbsp oil, 1 tsp mustard, ½ tsp urad dal, ½ tsp chana dal, ½ tsp cumin, pinch hing, few curry leaves, 3 chilli (finely chopped), 1 inch ginger (finely chopped), 1 onion (sliced), ½ tsp turmeric, ½ tsp salt, 4 potato (boiled & mashed), ¼ cup water, 2 tbsp coriander (finely chopped), ½ lemon",
            "procedure" : "firstly, in a mixer jar take 1 cup rava, 2 tbsp wheat flour, ¾ tsp sugar and 1 tsp salt., grind to a fine powder and transfer to a large bowl., add 1 cup curd and mix well., also, add water as required and whisk to form a smooth batter., cover and rest for 15 minutes or until the rava is absorbed well., then, in a large pan heat 2 tbsp oil, add 1 tsp mustard, ½ tsp urad dal, ½ tsp chana dal, ½ tsp cumin, pinch hing and few curry leaves. splutter the tempering., add 3 chilli, 1 inch ginger, 1 onion and saute until the onions soften slightly., further, add ½ tsp turmeric, ½ tsp salt. saute on low flame until the spices turn aromatic., further, add 4 potato and mix well., mash and mix add ¼ cup water forming a smooth texture., also, add 2 tbsp coriander and ½ lemon. mix well., finally, aloo bhaji is ready to stuff into masala dosa., then, pour a ladleful of batter on hot tawa., spread slightly thin to make crispy dosa., spread some oil and butter uniformly., also, place 2 tbsp of prepared aloo masala in the centre., roast until the dosa turns golden brown and crisp., scrape the sides of the dosa and fold half., finally, rava masala dosa recipe is ready to serve with coconut chutney.",
            "description":"",
            "Video": "https://youtu.be/Nru8aadeN0I",
            "type":"Breakfast"
        },
        {
          "id": 5,
          "name": "bombay sandwich recipe ",
          "img": "https://tinyurl.com/4dhbhnn5",
          "ingridiants":
            "2 tbsp cumin,2 tbsp fennel / saunf,2 tsp pepper,2 inch cinnamon,2 pods cardamom,1 tsp chaat masala,1 tsp aamchur,½ tsp salt3 slice bread (white or brown),butter,green chutney,1 potato (boiled & sliced),1 tomato (sliced),1 cucumber (sliced),1 beetroot (boiled & sliced),onion (chopped),tomato sauce (for garnishing)3 slice bread (white or brown),butter,green chutney,1 potato (boiled & sliced),1 tomato (sliced),1 cucumber (sliced),2 slice cheese,1 beetroot (boiled & sliced),onion (chopped)",
            "procedure" : "firstly, in a pan take 2 tbsp cumin, 2 tbsp fennel, 2 tsp pepper, 2 inch cinnamon, 2 pods cardamom., roast on low flame until the spices turn aromatic., cool completely and transfer to the mixi., add 1 tsp chaat masala, 1 tsp aamchur and ½ tsp salt., blend to a fine powder and sandwich masala is ready. keep aside.firstly, take 3 slice bread, and trim the sides., spread butter on 2 bread slice and green chutney on another., on the green chutney slice, place boiled potato slices and sprinkle sandwich masala., also, place tomato and cucumber slices., further, sprinkle a generous amount of sandwich masala., cover with buttered bread slice and spread green chutney on top., now top with beetroot slice and chopped onion. also, sprinkle a generous amount of sandwich masala., insert 4 toothpick leaving equal spaces and cut into pieces. toothpick helps to hold layers together., finally, garnish with tomato sauce and enjoy bombay sandwich.firstly, take 3 slice bread, and spread butter on 2 bread slice and green chutney on another., on the green chutney slice, place boiled potato slices and sprinkle sandwich masala., also, place tomato and cucumber slices., further, sprinkle a generous amount of sandwich masala., place a cheese slice and cover with buttered bread slice and spread green chutney on top., now top with beetroot slice, chopped onion and a cheese slice. also, sprinkle a generous amount of sandwich masala., cover with bread slice and spread a generous amount of butter., grill to golden brown sandwich and cut into 4 pieces., finally, enjoy grilled bombay sandwich with tomato sauce",
            "description":"an extremely popular street style sandwich recipe made with layers of sandwich slices, vegetable slices and a unique sandwich masala spice mix. it is one of the popular street food sandwich recipes from mumbai known for its spice mix and choice of vegetables. it is generally served as an evening snack or a lite dinner but not limited to and can be served for morning breakfast too.",
            "Video": "https://youtu.be/Nru8aadeN0I",
            "type":"Breakfast"
        },
        {
          "id": 6,
          "name": "Dal",
          "img": "https://tinyurl.com/4dhbhnn5",
          "ingridiants":
            "1 cup toor dal, 1 cup moong dal, ¾ cup masoor dal, 2 tbsp oil, 2 tsp mustard, 2 tsp cumin, ¼ tsp hing, 4 dried red chilli, few curry leaves, 3 bay leaf, 3 chilli (finely chopped), 2 tbsp coriander (finely chopped), 2 tsp kasuri methi, 1 tsp turmeric, 2 tbsp chilli powder, 1 tbsp coriander powder, 1 tsp cumin powder, 1 tsp garam masala, 2 tbsp aamchur, 4 tsp salt",
            "procedure" : "firstly, in a pan take 1 cup toor dal, 1 cup moong dal and ¾ cup masoor dal. make sure to wipe off the dal clean to remove dirt. you can alternatively, rinse the dal and dry it in sun. dry roast on low flame until the dal turns aromatic. cool completely, transfer to the mixi jar and grind to a fine powder. keep aside. in a large kadai heat 2 tbsp oil, add 2 tsp mustard, 2 tsp cumin, ¼ tsp hing, 4 dried red chilli and few curry leaves. splutter the tempering. add 3 bay leaf, 3 chilli, 2 tbsp coriander and 2 tsp kasuri methi. saute on low flame until it turns crisp. add in powdered dal, 1 tsp turmeric, 2 tbsp chilli powder, 1 tbsp coriander powder, 1 tsp cumin powder, 1 tsp garam masala, 2 tbsp aamchur and 4 tsp salt. saute until the spices are well combined with dal. cool completely, and transfer to the zip lock bag. dal premix is ready and can be stored for 3 months. to prepare the dal, in a bowl take ½ cup dal premix and 2 cup water. mix well and transfer to the large kadai. boil for 5 minutes, or until the dal thickens. adjust the consistency adding water as required and get to a boil. finally, homemade dal prepared from dal premix is ready.",
            "description":"perhaps one of the must or important recipes made with a combination of lentils, herbs & spices. it is one of the handy recipes to have in your pantry, especially if you are planning a holiday or travel. with this dal premix, the dal fry can be prepared within minutes and can be easily served with your choice of roti or jeer rice.",
            "Video": "https://youtu.be/Nru8aadeN0I",
            "type":"Dal"
        }
  ]
}